Workbook

Sheet Application Register
A1: Harwell Financial — Deposit Account Onboarding Register (July 2025)
A2: App ID | B2: Date Received | C2: Customer Name | D2: Account Type | E2: Product Name | F2: Documents Submitted | G2: KYC Status | H2: Account Created | I2: Welcome Email Sent | J2: Assigned Officer | K2: Overall Status
A3: APP-2000 | B3: 14-Jul-2025 | C3: Zara Ahmed | D3: Fixed Term Deposit | E3: Harwell 1-Year Fixed | F3: Incomplete | G3: Verified | H3: No | I3: Yes | J3: T. Adeyemi | K3: Rejected
A4: APP-2001 | B4: 17-Jul-2025 | C4: Nadia Petrov | D4: Fixed Term Deposit | E4: Harwell 1-Year Fixed | F4: Complete | G4: Verified | H4: Yes | I4: No | J4: L. Chen | K4: On Hold
A5: APP-2002 | B5: 05-Jul-2025 | C5: Nina Patel | D5: Easy Access Savings | E5: Harwell Easy Access | F5: Complete | G5: Verified | H5: Yes | I5: No | J5: T. Adeyemi | K5: Rejected
A6: APP-2003 | B6: 02-Jul-2025 | C6: Mei Lin | D6: 95-Day Notice | E6: Harwell 180-Day Notice | F6: Pending | G6: Failed | H6: Yes | I6: No | J6: R. Mehta | K6: Completed
A7: APP-2004 | B7: 04-Jul-2025 | C7: Priya Sharma | D7: Easy Access Savings | E7: Harwell Easy Access | F7: Incomplete | G7: Verified | H7: Pending | I7: No | J7: T. Adeyemi | K7: On Hold
A8: APP-2005 | B8: 06-Jul-2025 | C8: Ben Williams | D8: Fixed Term Deposit | E8: Harwell 1-Year Fixed | F8: Complete | G8: Failed | H8: Yes | I8: Yes | J8: S. Khan | K8: Completed
A9: APP-2006 | B9: 24-Jul-2025 | C9: Fatima Al-Hassan | D9: 180-Day Notice | E9: Harwell 2-Year Fixed | F9: Complete | G9: In Progress | H9: No | I9: Pending | J9: T. Adeyemi | K9: Completed
A10: APP-2007 | B10: 05-Jul-2025 | C10: Samuel Osei | D10: Notice Account | E10: Harwell 95-Day Notice | F10: Incomplete | G10: Verified | H10: Yes | I10: No | J10: L. Chen | K10: On Hold
A11: APP-2008 | B11: 16-Jul-2025 | C11: Aisha Nwosu | D11: Notice Account | E11: Harwell 95-Day Notice | F11: Complete | G11: Verified | H11: Yes | I11: Yes | J11: T. Adeyemi | K11: Completed
A12: APP-2009 | B12: 03-Jul-2025 | C12: Samuel Osei | D12: 95-Day Notice | E12: Harwell 180-Day Notice | F12: Pending | G12: In Progress | H12: Yes | I12: Pending | J12: L. Chen | K12: In Progress
A13: APP-2010 | B13: 20-Jul-2025 | C13: Raj Patel | D13: 180-Day Notice | E13: Harwell 2-Year Fixed | F13: Complete | G13: Verified | H13: Yes | I13: No | J13: P. Sharma | K13: Rejected
... A27: APP-2024 | B27: 25-Jul-2025 | C27: Grace Wong | D27: 95-Day Notice | E27: Harwell 180-Day Notice | F27: Complete | G27: Verified | H27: Yes | I27: Pending | J27: P. Sharma | K27: Completed

Sheet SLA Tracker
A1: Harwell Financial — SLA Compliance Tracker | Target: 48-Hour Processing (July 2025)
A2: App ID | B2: Customer Name | C2: Account Type | D2: Date Received | E2: SLA Deadline (48hr) | F2: Date Completed | G2: Hours Taken | H2: SLA Met? | I2: Breach Reason
A3: APP-2000 | B3: Mohammed Ali | C3: 180-Day Notice | D3: 13-Jul-2025 | E3: 15-Jul-2025 | F3: 14-Jul-2025 | G3: 33.6 | H3: Yes
A4: APP-2001 | B4: Ananya Singh | C4: Easy Access Savings | D4: 08-Jul-2025 | E4: 10-Jul-2025 | F4: 09-Jul-2025 | G4: 25.4 | H4: Yes
A5: APP-2002 | B5: Fatima Al-Hassan | C5: 180-Day Notice | D5: 24-Jul-2025 | E5: 26-Jul-2025 | F5: 25-Jul-2025 | G5: 33.8 | H5: Yes
A6: APP-2003 | B6: Luke Johnson | C6: 95-Day Notice | D6: 20-Jul-2025 | E6: 22-Jul-2025 | F6: 21-Jul-2025 | G6: 40.3 | H6: Yes
A7: APP-2004 | B7: Aisha Nwosu | C7: Notice Account | D7: 20-Jul-2025 | E7: 22-Jul-2025 | F7: 21-Jul-2025 | G7: 46.5 | H7: Yes
A8: APP-2005 | B8: Ben Williams | C8: 95-Day Notice | D8: 22-Jul-2025 | E8: 24-Jul-2025 | F8: 22-Jul-2025 | G8: 23.2 | H8: Yes
A9: APP-2006 | B9: Zara Ahmed | C9: Easy Access Savings | D9: 06-Jul-2025 | E9: 08-Jul-2025 | F9: 08-Jul-2025 | G9: 62.7 | H9: No | I9: System Downtime
A10: APP-2007 | B10: Mei Lin | C10: 95-Day Notice | D10: 17-Jul-2025 | E10: 19-Jul-2025 | F10: 19-Jul-2025 | G10: 52 | H10: No | I10: Incomplete Documents
A11: APP-2008 | B11: Priya Sharma | C11: 180-Day Notice | D11: 13-Jul-2025 | E11: 15-Jul-2025 | F11: 13-Jul-2025 | G11: 12.6 | H11: Yes
A12: APP-2009 | B12: Fatima Al-Hassan | C12: 180-Day Notice | D12: 14-Jul-2025 | E12: 16-Jul-2025 | F12: 14-Jul-2025 | G12: 22.6 | H12: Yes
A13: APP-2010 | B13: Leo Müller | C13: Fixed Term Deposit | D13: 15-Jul-2025 | E13: 17-Jul-2025 | F13: 16-Jul-2025 | G13: 42.2 | H13: Yes
A14: APP-2011 | B14: Emma Clarke | C14: Fixed Term Deposit | D14: 15-Jul-2025 | E14: 17-Jul-2025 | F14: 17-Jul-2025 | G14: 70.6 | H14: No | I14: System Downtime
A15: APP-2012 | B15: Leo Müller | C15: 95-Day Notice | D15: 23-Jul-2025 | E15: 25-Jul-2025 | F15: 23-Jul-2025 | G15: 20 | H15: Yes
A16: APP-2013 | B16: Raj Patel | C16: Easy Access Savings | D16: 06-Jul-2025 | E16: 08-Jul-2025 | F16: 08-Jul-2025 | G16: 68.5 | H16: No | I16: KYC Delay
A17: APP-2014 | B17: Fatima Al-Hassan | C17: 95-Day Notice | D17: 01-Jul-2025 | E17: 03-Jul-2025 | F17: 01-Jul-2025 | G17: 20.6 | H17: Yes
A18: APP-2015 | B18: Leo Müller | C18: Notice Account | D18: 14-Jul-2025 | E18: 16-Jul-2025 | F18: 16-Jul-2025 | G18: 49.2 | H18: No | I18: KYC Delay
A19: APP-2016 | B19: Nadia Petrov | C19: Fixed Term Deposit | D19: 01-Jul-2025 | E19: 03-Jul-2025 | F19: 02-Jul-2025 | G19: 33.6 | H19: Yes
A20: APP-2017 | B20: Harpreet Kaur | C20: Easy Access Savings | D20: 13-Jul-2025 | E20: 15-Jul-2025 | F20: 13-Jul-2025 | G20: 22.4 | H20: Yes
A21: APP-2018 | B21: Aisha Nwosu | C21: 180-Day Notice | D21: 07-Jul-2025 | E21: 09-Jul-2025 | F21: 08-Jul-2025 | G21: 37.5 | H21: Yes
A22: APP-2019 | B22: James O'Brien | C22: 95-Day Notice | D22: 25-Jul-2025 | E22: 27-Jul-2025 | F22: 25-Jul-2025 | G22: 17.8 | H22: Yes
A23: APP-2020 | B23: Oliver Grant | C23: 180-Day Notice | D23: 05-Jul-2025 | E23: 07-Jul-2025 | F23: 07-Jul-2025 | G23: 55.8 | H23: No | I23: KYC Delay
A24: APP-2021 | B24: Robert Hughes | C24: Fixed Term Deposit | D24: 04-Jul-2025 | E24: 06-Jul-2025 | F24: 04-Jul-2025 | G24: 16 | H24: Yes
A25: APP-2022 | B25: Emma Clarke | C25: Fixed Term Deposit | D25: 06-Jul-2025 | E25: 08-Jul-2025 | F25: 08-Jul-2025 | G25: 71.4 | H25: No | I25: Awaiting Customer Response
A26: APP-2023 | B26: David Kim | C26: 95-Day Notice | D26: 18-Jul-2025 | E26: 20-Jul-2025 | F26: 19-Jul-2025 | G26: 29.8 | H26: Yes
A27: APP-2024 | B27: Mohammed Ali | C27: Notice Account | D27: 09-Jul-2025 | E27: 11-Jul-2025 | F27: 09-Jul-2025 | G27: 17.3 | H27: Yes

Sheet Dashboard Summary
A1: Harwell Financial — Onboarding Operations Dashboard (July 2025)
A3: Total Applications | B3: Completed | C3: In Progress | D3: On Hold / Rejected | E3: SLA Compliance Rate | F3: Avg Processing (hrs)
A4: =COUNTA('Application Register'!A3:A27) -> 25 | B4: =COUNTIF('Application Register'!K3:K27,"Completed") -> 11 | C4: =COUNTIF('Application Register'!K3:K27,"In Progress") -> 5 | D4: =COUNTIFS('Application Register'!K3:K27,"On Hold")+COUNTIFS('Application Register'!K3:K27,"Rejected") -> 9 | E4: =IFERROR(COUNTIF('SLA Tracker'!H3:H27,"Yes")/COUNTA('SLA Tracker'!H3:H27),0) -> 0.72 | F4: =IFERROR(AVERAGE('SLA Tracker'!G3:G27),0) -> 37.016
A6: Account Type | B6: Applications | C6: Completed | D6: SLA Met | E6: Completion Rate
A7: Easy Access Savings | B7: =COUNTIF('Application Register'!D3:D27,A7) -> 6 | C7: =COUNTIFS('Application Register'!D3:D27,A7,'Application Register'!K3:K27,"Completed") -> 2 | D7: =COUNTIFS('SLA Tracker'!C3:C27,A7,'SLA Tracker'!H3:H27,"Yes") -> 2 | E7: =IFERROR(C7/B7,0) -> 0.33333333
A8: Fixed Term Deposit | B8: =COUNTIF('Application Register'!D3:D27,A8) -> 5 | C8: =COUNTIFS('Application Register'!D3:D27,A8,'Application Register'!K3:K27,"Completed") -> 3 | D8: =COUNTIFS('SLA Tracker'!C3:C27,A8,'SLA Tracker'!H3:H27,"Yes") -> 3 | E8: =IFERROR(C8/B8,0) -> 0.6
A9: Notice Account | B9: =COUNTIF('Application Register'!D3:D27,A9) -> 3 | C9: =COUNTIFS('Application Register'!D3:D27,A9,'Application Register'!K3:K27,"Completed") -> 2 | D9: =COUNTIFS('SLA Tracker'!C3:C27,A9,'SLA Tracker'!H3:H27,"Yes") -> 2 | E9: =IFERROR(C9/B9,0) -> 0.66666667
A10: 95-Day Notice | B10: =COUNTIF('Application Register'!D3:D27,A10) -> 7 | C10: =COUNTIFS('Application Register'!D3:D27,A10,'Application Register'!K3:K27,"Completed") -> 2 | D10: =COUNTIFS('SLA Tracker'!C3:C27,A10,'SLA Tracker'!H3:H27,"Yes") -> 6 | E10: =IFERROR(C10/B10,0) -> 0.28571429
A11: 180-Day Notice | B11: =COUNTIF('Application Register'!D3:D27,A11) -> 4 | C11: =COUNTIFS('Application Register'!D3:D27,A11,'Application Register'!K3:K27,"Completed") -> 2 | D11: =COUNTIFS('SLA Tracker'!C3:C27,A11,'SLA Tracker'!H3:H27,"Yes") -> 5 | E11: =IFERROR(C11/B11,0) -> 0.5
A12: TOTAL | B12: =SUM(B7:B11) -> 25 | C12: =SUM(C7:C11) -> 11 | D12: =SUM(D7:D11) -> 18 | E12: =IFERROR(C12/B12,0) -> 0.44
